chrom	pos	end	end_chrom	svtype	source_id
chr1	11000	51000	chr1	DUP	gnomAD-SV_v3_DUP_chr1_7d73682f
chr1	40000	47000	chr1	DEL	gnomAD-SV_v3_DEL_chr1_b26f63f7
chr1	48000	128000	chr1	DUP	gnomAD-SV_v3_DUP_chr1_3d99dd1e
chr1	413968	420000	chr1	DEL	gnomAD-SV_v3_DEL_chr1_9ccc15ff
chr1	788630	788842	chr1	INS	gnomAD-SV_v3_INS_chr1_2de0b574
chr1	904659	904661	chr1	INS	gnomAD-SV_v3_INS_chr1_a12a6a8a
chr1	21203905	21204753	chr1	INV	gnomAD-SV_v3_INV_chr1_dc645849
chr1	83019127	83019322	chr1	INV	gnomAD-SV_v3_INV_chr1_25560503
chr2	10297	10596	chr2	DEL	gnomAD-SV_v3_DEL_chr2_d39246cd
chr2	32148	34838	chr2	DEL	gnomAD-SV_v3_DEL_chr2_942daf4f
chr2	108204	108269	chr2	DEL	gnomAD-SV_v3_DEL_chr2_685cd0f1
chr2	126760	126864	chr2	DUP	gnomAD-SV_v3_DUP_chr2_51e5ae64
chr2	126879	127037	chr2	DUP	gnomAD-SV_v3_DUP_chr2_9d0bd14b
chr2	293737	294344	chr2	DEL	gnomAD-SV_v3_DEL_chr2_fe24586f
chr2	306268	306784	chr2	DEL	gnomAD-SV_v3_DEL_chr2_97cf8ee8
chr2	306468	307318	chr2	DEL	gnomAD-SV_v3_DEL_chr2_6bffebce
chr8	64900	107200	chr8	DUP	gnomAD-SV_v3_DUP_chr8_ca5f17ef
chr8	65500	111250	chr8	DEL	gnomAD-SV_v3_DEL_chr8_e6b32082
chr8	76450	82000	chr8	DEL	gnomAD-SV_v3_DEL_chr8_9ca25b62
chr8	145000	151100	chr8	DUP	gnomAD-SV_v3_DUP_chr8_c2284cfa
chr8	305613	305624	chr8	INS	gnomAD-SV_v3_INS_chr8_01e27349
chr8	329084	329130	chr8	INS	gnomAD-SV_v3_INS_chr8_9dccb13f
chr8	20919207	20920924	chr8	INV	gnomAD-SV_v3_INV_chr8_0a983474
chr8	74175660	74183142	chr8	INV	gnomAD-SV_v3_INV_chr8_1af72e78
chr14	16022637	16037637	chr14	DUP	gnomAD-SV_v3_DUP_chr14_673a2a3e
chr14	16038537	16043637	chr14	DEL	gnomAD-SV_v3_DEL_chr14_465f6e53
chr14	16070187	16075637	chr14	DEL	gnomAD-SV_v3_DEL_chr14_f4c39155
chr14	18225523	18249523	chr14	DUP	gnomAD-SV_v3_DUP_chr14_0f14c9c8
chr14	19098423	19098426	chr14	INS	gnomAD-SV_v3_INS_chr14_22ab2005
chr14	19434997	19435012	chr14	INS	gnomAD-SV_v3_INS_chr14_83c766c7
chr14	65375819	65376644	chr14	INV	gnomAD-SV_v3_INV_chr14_7d152e48
chr17	66000	122000	chr17	DEL	gnomAD-SV_v3_DEL_chr17_b42efb31
chr17	117310	117368	chr17	DUP	gnomAD-SV_v3_DUP_chr17_93a44dec
chr17	121000	132000	chr17	DUP	gnomAD-SV_v3_DUP_chr17_1e3b5a87
chr17	135827	136376	chr17	DEL	gnomAD-SV_v3_DEL_chr17_bd5ea421
chr17	198647	198656	chr17	INS	gnomAD-SV_v3_INS_chr17_757f4338
chr17	227349	227365	chr17	INS	gnomAD-SV_v3_INS_chr17_07e4dcab
chr17	37415089	37415701	chr17	INV	gnomAD-SV_v3_INV_chr17_a6243630
chr22	10510000	10587800	chr22	DUP	gnomAD-SV_v3_DUP_chr22_e84c04b9
chr22	10525801	10526000	chr22	DEL	gnomAD-SV_v3_DEL_chr22_f605c0e4
chr22	10526487	10526995	chr22	DEL	gnomAD-SV_v3_DEL_chr22_3ef8bb14
chr22	10571952	10572007	chr22	DUP	gnomAD-SV_v3_DUP_chr22_1475627f
chr22	10572350	10572393	chr22	INS	gnomAD-SV_v3_INS_chr22_69b1fb48
chr22	10698837	10698869	chr22	INS	gnomAD-SV_v3_INS_chr22_d15d476e
chrX	10000	43825	chrX	DEL	gnomAD-SV_v3_DEL_chrX_1b8d89f3
chrX	12810	16459	chrX	DEL	gnomAD-SV_v3_DEL_chrX_2a4e1536
chrX	13559	13759	chrX	DUP	gnomAD-SV_v3_DUP_chrX_24a451b4
chrX	13789	13981	chrX	DUP	gnomAD-SV_v3_DUP_chrX_f71d7ae2
chrX	226050	226068	chrX	INS	gnomAD-SV_v3_INS_chrX_a8e79c48
chrX	226530	226618	chrX	INS	gnomAD-SV_v3_INS_chrX_488f71fb
